{"level": 1, "reward": -23, "_timestamp": 1675973262.776681, "_runtime": 42.869258880615234, "_step": 7999}