{"level": 1, "steps": 1, "reward": -30, "q_table_size": 1487, "_timestamp": 1676059627.808153, "_runtime": 50.715144872665405, "_step": 9999}