{"level": 4, "reward": 33, "_timestamp": 1675972974.0756516, "_runtime": 34.35528874397278, "_step": 4999}