{"level": 1, "steps": 4, "reward": -43, "q_table_size": 1548, "_timestamp": 1676059043.7256145, "_runtime": 35.36836361885071, "_step": 7999}