{"level": 3, "reward": 8, "_timestamp": 1675973659.2957785, "_runtime": 45.74404954910278, "_step": 7999}