{"level": 3, "steps": 1, "reward": 158, "q_table_size": 1353, "_timestamp": 1676058688.7131927, "_runtime": 16.02747678756714, "_step": 3491}