{"level": 3, "steps": 13, "reward": 134, "q_table_size": 1514, "_timestamp": 1676060152.5154672, "_runtime": 50.798564195632935, "_step": 11999}