{"level": 2, "steps": 1, "reward": 44, "q_table_size": 1578, "_timestamp": 1676059396.402537, "_runtime": 51.86681318283081, "_step": 9999}