{"level": 4, "steps": 3, "reward": 240, "q_table_size": 1668, "_timestamp": 1676058139.900186, "_runtime": 67.5951361656189, "_step": 11999}