{"level": 4, "steps": 2, "reward": 217, "q_table_size": 1324, "_timestamp": 1676057363.8127859, "_runtime": 73.199462890625, "_step": 6999}