{"level": 1, "steps": 1, "reward": -30, "q_table_size": 1515, "_timestamp": 1676058855.9934106, "_runtime": 27.800763607025146, "_step": 5999}