{"level": 5, "steps": 6, "reward": 501, "q_table_size": 1482, "_timestamp": 1676059936.0225024, "_runtime": 70.66087031364441, "_step": 11999}