{"level": 5, "steps": 23, "reward": 425, "q_table_size": 1613, "_timestamp": 1676057683.7368946, "_runtime": 163.97416067123413, "_step": 8634}